{"train_loss": 0.03529004752635956, "epoch": 82, "trainer/global_step": 142549, "_timestamp": 1646942486, "_runtime": 2162, "_step": 2932, "val_loss": 0.036089155822992325}